dice,iou,accuracy,precision,recall,filename,error
0.0756351887208107,0.039303976188659086,0.9146321614583334,0.03956668715427167,0.8554817275747508,RGB_ar037_2019_n_06_04_0.png,0.08536783854166663
0.3051722865786173,0.18006094906399653,0.9361368815104166,0.18346344925479063,0.9066199035510741,RGB_ar037_2019_n_07_05_0.png,0.06386311848958337
0.11662688941925219,0.06192447410661485,0.9246961805555556,0.06279986291980809,0.8162583518930958,RGB_ar037_2019_n_07_17_1.png,0.07530381944444442
0.16403056690954326,0.08934275481560353,0.9361979166666666,0.09059678052610914,0.8658536585365854,RGB_ar037_2019_n_08_14_0.png,0.06380208333333337
0.23982649392157981,0.1362516212710765,0.9096747504340278,0.13869817797729073,0.8853771597134429,RGB_ar037_2019_n_13_13_0.png,0.09032524956597221
0.13163327261687918,0.07045365917067464,0.9515041775173612,0.07090528519099948,0.9170896785109983,RGB_ar039_2019_n_02_04_0.png,0.04849582248263884
0.06360040331963081,0.03284466874949932,0.8362494574652778,0.0331393469123828,0.7869481765834933,RGB_ar039_2019_n_02_10_0.png,0.1637505425347222
0.17585031316895267,0.09640125173852573,0.92950439453125,0.09782992237120677,0.8684416601409554,RGB_ar039_2019_n_03_04_0.png,0.07049560546875
0.06223539373412362,0.032117107275507976,0.8798285590277778,0.032201533406352685,0.9245283018867925,RGB_ar039_2019_n_04_10_0.png,0.12017144097222221
0.10739519547809703,0.05674464907914385,0.9357435438368056,0.057160048134777375,0.8864696734059098,RGB_ar039_2019_n_04_13_0.png,0.06425645616319442
0.2280119482243611,0.1286757819816445,0.9369032118055556,0.1302122820318423,0.916,RGB_ar039_2019_n_04_18_0.png,0.06309678819444442
0.1278186121838794,0.06827255789193505,0.9050428602430556,0.06911883589329022,0.8479338842975207,RGB_ar039_2019_n_04_22_0.png,0.09495713975694442
0.0799015705290584,0.04161326799849227,0.9137844509548612,0.04189435336976321,0.8611544461778471,RGB_ar039_2019_n_05_10_0.png,0.08621554904513884
0.20503661368101447,0.11422885572139303,0.9698147243923612,0.1157258064516129,0.8982785602503912,RGB_ar039_2019_n_06_19_0.png,0.03018527560763884
0.3733650416171225,0.22953216374269006,0.9964260525173612,0.22953216374269006,1.0,RGB_ar039_2019_n_07_11_0.png,0.0035739474826388395
0.333495855680156,0.20011702750146285,0.9907294379340278,0.2016509433962264,0.9633802816901409,RGB_ar039_2019_n_08_11_0.png,0.00927056206597221
0.17106755224364167,0.09353410097431356,0.9652981228298612,0.09421841541755889,0.9279437609841827,RGB_ar039_2019_n_08_14_0.png,0.03470187717013884
0.18387289769327927,0.10124450951683749,0.9167412651909722,0.10290178571428571,0.8627573300062383,RGB_ar039_2019_n_08_16_0.png,0.08325873480902779
0.21937306459499104,0.12319990236758604,0.9025539822048612,0.1266624843161857,0.8184029185245237,RGB_ar039_2019_n_09_02_0.png,0.09744601779513884
0.27723977082593926,0.16092765907351816,0.9033270941840278,0.1659786304031083,0.8409720086127346,RGB_ar039_2019_n_09_09_0.png,0.09667290581597221
0.15987099746602165,0.08688032048072108,0.9752671983506944,0.08753784056508578,0.9204244031830239,RGB_ar039_2019_n_10_07_0.png,0.02473280164930558
0.35699346963165307,0.21728061516080427,0.8978339301215278,0.22932660671199825,0.805314846909301,RGB_ar039_2019_n_11_03_0.png,0.10216606987847221
0.5881751710040097,0.4166063373614746,0.85791015625,0.4516421154310553,0.8430245661482983,RGB_ar039_2019_n_11_09_0.png,0.14208984375
0.18122555410691005,0.0996415770609319,0.9744466145833334,0.1003368623676612,0.9349775784753364,RGB_ar039_2019_n_13_12_0.png,0.02555338541666663
0.16916892279924522,0.09240007169743682,0.9313218858506944,0.09325253256150506,0.909973521624007,RGB_ar039_2019_n_15_16_0.png,0.06867811414930558
0.12161866569449507,0.06474652589084698,0.9183010525173612,0.0658559696778269,0.7935299714557564,RGB_ar039_2019_n_15_18_0.png,0.08169894748263884
0.3820708553532981,0.23614807645777885,0.9571804470486112,0.23992133726647,0.9375600384245918,RGB_ar039_2019_n_16_09_0.png,0.04281955295138884
0.18719908123150317,0.10326510721247563,0.8752102322048612,0.10544386942675159,0.8332677939441604,RGB_ar039_2019_n_16_19_0.png,0.12478976779513884
0.21785383903792785,0.12224240851284714,0.9541286892361112,0.12355718782791186,0.919921875,RGB_ar039_2019_n_17_07_0.png,0.04587131076388884
0.32280357799289305,0.19246617376311406,0.8126017252604166,0.2066390562248996,0.73726631590731,RGB_ar041_2021_n_03_18_0.png,0.18739827473958337
0.26418959817479165,0.15219957081545063,0.8928290473090278,0.1579269650411935,0.807571875889553,RGB_ar041_2021_n_04_15_0.png,0.10717095269097221
0.03811799510724242,0.019429300545180373,0.8853420681423612,0.019563186171455266,0.739514348785872,RGB_ar041_2021_n_04_19_0.png,0.11465793185763884
0.3755483917880602,0.2311847209788123,0.8252834743923612,0.25214815779195415,0.7354979587961644,RGB_ar041_2021_n_06_16_0.png,0.17471652560763884
0.03447698744769875,0.017540871934604903,0.9217529296875,0.017661179698216737,0.7202797202797203,RGB_ar041_2021_n_10_07_0.png,0.0782470703125
0.024155528554070473,0.01222542001820284,0.7276746961805556,0.012243791880173433,0.8906810035842294,RGB_ar041_2021_n_14_04_0.png,0.2723253038194444
0.37079767971028427,0.22759461798725314,0.8668551974826388,0.2406405990016639,0.8076225045372051,RGB_ar041_2021_n_14_13_0.png,0.13314480251736116
0.1714234907086334,0.09374696100359817,0.9368014865451388,0.09533227848101265,0.8493392070484581,RGB_ar041_2021_n_17_12_0.png,0.06319851345486116
0.05849093390524469,0.03012653143201446,0.9345024956597222,0.030315278900565887,0.8287292817679558,RGB_ar041_2021_n_18_04_0.png,0.06549750434027779
0.430938206654668,0.2746470588235294,0.8327501085069444,0.3081441393875396,0.7164339419978518,RGB_ar041_2021_n_21_12_0.png,0.16724989149305558
0.2711767235201376,0.1568562427458133,0.96551513671875,0.1587248322147651,0.9301868239921337,RGB_ar041_2021_n_21_14_0.png,0.03448486328125
0.4154000261312661,0.26214819700967457,0.9089694552951388,0.2758560851457659,0.8406486867618544,RGB_ar081_2021_n_05_02_0.png,0.09103054470486116
0.1268041237113402,0.06769400110071547,0.9655354817708334,0.06828275351591413,0.8870192307692307,RGB_ar081_2021_n_07_04_0.png,0.03446451822916663
0.20860759493670886,0.11644997173544375,0.9894002278645834,0.11704545454545455,0.958139534883721,RGB_ar081_2021_n_07_06_0.png,0.01059977213541663
0.29950072475438877,0.17612517048037582,0.8525187174479166,0.18610888710968776,0.7665292662819456,RGB_ar081_2021_n_10_02_0.png,0.14748128255208337
0.33301696034333345,0.19977225467868107,0.8903876410590278,0.20889418098985296,0.8206223306894448,RGB_ar081_2021_n_10_09_0.png,0.10961235894097221
0.029925603945498622,0.015190088255261372,0.9212985568576388,0.015267826680313887,0.7489539748953975,RGB_ar081_2021_n_11_02_0.png,0.07870144314236116
0.22773683142876464,0.1285005723006486,0.92254638671875,0.13160362613316662,0.8449573507275464,RGB_ar081_2021_n_11_07_0.png,0.07745361328125
0.07254395671953769,0.03763715233477928,0.8465372721354166,0.03798935439560439,0.8023572076155938,RGB_ar081_2021_n_13_06_0.png,0.15346272786458337
0.07683759326877282,0.039953772494634304,0.9605645073784722,0.04030646235842771,0.8203389830508474,RGB_ar081_2021_n_13_16_0.png,0.03943549262152779
0.09308649722832339,0.04881526985519965,0.9411960177951388,0.04916040653999116,0.8742632612966601,RGB_ar145_2019_n_01_14_0.png,0.05880398220486116
0.19310137068835667,0.10686895631877293,0.8910115559895834,0.10923653715064759,0.8313878080415046,RGB_ar145_2019_n_04_13_0.png,0.10898844401041663
0.5958611381869986,0.4243605489400331,0.9268934461805556,0.4536994747659283,0.8677658877484167,RGB_ar145_2019_n_05_11_0.png,0.07310655381944442
0.09984810126582279,0.052547431251332336,0.8794352213541666,0.053044975252851304,0.8485370051635112,RGB_ar145_2019_n_05_17_0.png,0.12056477864583337
0.06593406593406594,0.03409090909090909,0.83917236328125,0.034353964866196025,0.8165853658536585,RGB_ar145_2019_n_08_14_0.png,0.16082763671875
0.1532275831680987,0.08297047420220698,0.8957383897569444,0.08438485804416404,0.8319377990430622,RGB_ar145_2019_n_08_16_0.png,0.10426161024305558
0.0653716332575601,0.0337902795086345,0.8159722222222222,0.033975368752685094,0.8611615245009074,RGB_ar145_2019_n_08_22_0.png,0.1840277777777778
0.1749791871641565,0.0958779132454176,0.9260728624131944,0.09776725304465494,0.8322534197264219,RGB_ar145_2019_n_09_12_0.png,0.07392713758680558
0.0940457248136672,0.049343117008655915,0.853271484375,0.049919985775248935,0.8102453102453102,RGB_ar145_2019_n_09_14_0.png,0.146728515625
0.5754584987710343,0.4039605011679762,0.9238620334201388,0.4331170309653916,0.857158950095753,RGB_ar145_2019_n_09_17_0.png,0.07613796657986116
0.19072364420365967,0.10541432412613053,0.9007229275173612,0.1081640331075997,0.8056982718355908,RGB_ar145_2019_n_11_13_0.png,0.09927707248263884
0.05683971201212581,0.02925117004680187,0.9324815538194444,0.029400235201881616,0.8522727272727273,RGB_ar145_2019_n_12_01_0.png,0.06751844618055558
0.2076260762607626,0.11583859456491902,0.9781561957465278,0.11644591611479028,0.9569160997732427,RGB_ar145_2019_n_13_07_0.png,0.02184380425347221
0.5846991266897954,0.4131270867672541,0.9058295355902778,0.45120937961595275,0.8303601766904519,RGB_ar145_2019_n_16_11_0.png,0.09417046440972221
0.19230537660304653,0.10638156141753265,0.9090237087673612,0.10869861148924585,0.8330725091288471,RGB_ar145_2019_n_18_19_0.png,0.09097629123263884
0.21174234115668641,0.11840706517294955,0.9268866644965278,0.12107023411371237,0.8433313919627257,RGB_ar145_2019_n_20_11_0.png,0.07311333550347221
0.11739327883742053,0.062356772403811364,0.9472791883680556,0.06301803998049732,0.8559602649006622,RGB_ar145_2019_n_20_12_0.png,0.05272081163194442
0.521117608836907,0.3523725834797891,0.9250284830729166,0.3747196611014204,0.8552538034977961,RGB_ar145_2019_n_21_13_0.png,0.07497151692708337
0.29481986018999823,0.17289660681999747,0.8665974934895834,0.18041418041418042,0.8058005095042132,RGB_ar145_2019_n_21_15_0.png,0.13340250651041663
0.11933007676203769,0.06345083487940631,0.9315321180555556,0.06359241353663071,0.9661016949152542,RGB_mo025_2018_n_01_09_0.png,0.06846788194444442
0.04680288108187564,0.023962190312772812,0.7801174587673612,0.024203356847482364,0.7062999112688554,RGB_mo025_2018_n_02_04_0.png,0.21988254123263884
0.028965981812057933,0.01469583048530417,0.82403564453125,0.014730511571254568,0.8619153674832962,RGB_mo025_2018_n_03_01_0.png,0.17596435546875
0.10122041290050293,0.05330814255019634,0.8266940646701388,0.05379037081339713,0.8560380725758477,RGB_mo025_2018_n_03_07_0.png,0.17330593532986116
0.060281182232401746,0.03107727866546076,0.7384507921006944,0.03143423460052856,0.7323860272350503,RGB_mo025_2018_n_03_11_0.png,0.2615492078993056
0.041849501359927474,0.02137195347803541,0.8208211263020834,0.021491358760429083,0.7936726272352133,RGB_mo025_2018_n_03_12_0.png,0.17917887369791663
0.09789115019799245,0.051464536431856694,0.8671332465277778,0.05224100648712404,0.775912408759124,RGB_mo025_2018_n_03_13_0.png,0.1328667534722222
0.07385536657379299,0.03834362450883026,0.8489651150173612,0.03861541137589146,0.8449096098953378,RGB_mo025_2018_n_04_05_0.png,0.15103488498263884
0.08080733944954129,0.04210486060652415,0.8301323784722222,0.04227461219474735,0.9129353233830846,RGB_mo025_2018_n_05_02_0.png,0.1698676215277778
0.17014196983141083,0.09298096738998667,0.8985188802083334,0.0943419434194342,0.8656884875846501,RGB_mo025_2018_n_05_15_0.png,0.10148111979166663
0.13006543035824025,0.06955613980822765,0.8367987738715278,0.07002179666822357,0.9127346524606799,RGB_mo025_2018_n_06_04_0.png,0.1632012261284722
0.11059769563130101,0.058535810703509605,0.7989773220486112,0.0592985842985843,0.8198398576512456,RGB_mo025_2018_n_06_13_0.png,0.20102267795138884
0.17382336396024753,0.09518431050415854,0.8804796006944444,0.09702742306887167,0.8336330935251799,RGB_mo025_2018_n_07_02_0.png,0.11952039930555558
0.170881414191014,0.0934228187919463,0.8396877712673612,0.09466811751904244,0.8765743073047859,RGB_mo025_2018_n_08_02_0.png,0.16031222873263884
0.2930705657978385,0.17169459962756053,0.9095052083333334,0.174357034795764,0.9183266932270916,RGB_mo025_2018_n_08_05_0.png,0.09049479166666663
0.12587716912364685,0.0671659119934982,0.8910251193576388,0.06791500352195351,0.8589458054936897,RGB_mo025_2018_n_08_08_0.png,0.10897488064236116
0.12567542036652182,0.06705104427062333,0.84307861328125,0.06806647020301244,0.8180029513034923,RGB_mo025_2018_n_09_11_0.png,0.15692138671875
0.2111745805069618,0.11805209060971959,0.880126953125,0.12022357723577236,0.8673020527859238,RGB_mo025_2018_n_11_10_0.png,0.119873046875
0.12962797751806585,0.0693059861674219,0.86767578125,0.06988264717198922,0.8936039360393604,RGB_mo025_2018_n_12_02_0.png,0.13232421875
0.13480553724456162,0.07227425340166108,0.8931884765625,0.0730705097665555,0.8689801699716714,RGB_mo025_2018_n_12_03_0.png,0.1068115234375
0.04720921402354132,0.02417525439108173,0.8978949652777778,0.02430917622523462,0.8144104803493449,RGB_mo025_2018_n_12_15_0.png,0.10210503472222221
0.07894978426512439,0.04109719965593042,0.7958780924479166,0.041309081593441786,0.8890420399724328,RGB_mo049_2018_n_01_05_0.png,0.20412190755208337
0.0760194130720733,0.03951152812485266,0.8618503146701388,0.04014178961486875,0.7156276686592656,RGB_mo049_2018_n_01_08_0.png,0.13814968532986116
0.05393203883495146,0.02771333782334306,0.7356635199652778,0.02797079556898288,0.7506756756756757,RGB_mo049_2018_n_02_06_0.png,0.2643364800347222
0.08845285369461964,0.04627291242362525,0.8412136501736112,0.04649639816633923,0.9059011164274322,RGB_mo049_2018_n_02_08_0.png,0.15878634982638884
0.1550636594278798,0.0840482438433589,0.7538180881076388,0.08560341282894737,0.822266107134041,RGB_mo049_2018_n_03_03_0.png,0.24618191189236116
0.0873853261956063,0.0456889343119948,0.72137451171875,0.0463085036255768,0.7734958710184822,RGB_mo049_2018_n_04_10_0.png,0.27862548828125
0.16521908851371134,0.09004840168076166,0.8839789496527778,0.0916323879627625,0.8389494549058474,RGB_mo049_2018_n_05_01_0.png,0.11602105034722221
0.12756775418608665,0.06812943671061122,0.7943522135416666,0.06953330824237862,0.7713987473903967,RGB_mo049_2018_n_05_09_0.png,0.20564778645833337
0.15837228485015123,0.08599581964765601,0.7716539171006944,0.08720546135212508,0.8611035607502039,RGB_mo049_2018_n_05_12_0.png,0.22834608289930558
0.10886075949367088,0.05756358768406961,0.8472222222222222,0.057912457912457915,0.9052631578947369,RGB_mo049_2018_n_06_04_0.png,0.1527777777777778
0.09757304065543361,0.05128871843208633,0.8020494249131944,0.05153494448073155,0.9147826086956522,RGB_mo049_2018_n_06_05_0.png,0.19795057508680558
0.09008699071116134,0.04716811198888345,0.7488878038194444,0.04774929665520475,0.7948829141370338,RGB_mo049_2018_n_07_03_0.png,0.2511121961805556
0.1970073139636315,0.10926684034238929,0.8376871744791666,0.11185614142029869,0.8251826869027543,RGB_mo049_2018_n_09_04_0.png,0.16231282552083337
0.1451813132963084,0.07827250951106102,0.9112752278645834,0.07886144236229416,0.9129005751848809,RGB_mo049_2018_n_09_07_0.png,0.08872477213541663
0.09120539477381287,0.04778167044484352,0.7806532118055556,0.04841307719842501,0.7855759922555663,RGB_mo049_2018_n_10_13_0.png,0.21934678819444442
0.07549155983307643,0.03922641140847822,0.8332316080729166,0.03934786016617025,0.9270544783010157,RGB_mo049_2018_n_11_02_0.png,0.16676839192708337
0.14720224999432965,0.0794486338262658,0.7450154622395834,0.08082594400717345,0.823395077391525,RGB_mo049_2018_n_12_05_0.png,0.25498453776041663
0.06412566726734895,0.033124912182099196,0.8133341471354166,0.03326044018058691,0.890462700661001,RGB_mo075_2020_n_01_02_0.png,0.18666585286458337
0.022519735702442527,0.011388096310757372,0.7321302625868056,0.01143675849587774,0.728,RGB_mo075_2020_n_01_10_0.png,0.2678697374131944
0.12491818606825619,0.06662012566071607,0.8730604383680556,0.06806602812308947,0.7582292849035187,RGB_mo075_2020_n_02_07_0.png,0.12693956163194442
0.04600819556309171,0.02354574643487316,0.7710706922743056,0.023823460547881058,0.6688578471651603,RGB_mo075_2020_n_02_10_0.png,0.22892930772569442
0.2730605131903131,0.15811817106270443,0.9179619683159722,0.1628440366972477,0.8449237634808479,RGB_mo075_2020_n_04_11_0.png,0.08203803168402779
0.014477917519742615,0.007291743389555867,0.7257893880208334,0.0073217631397298095,0.6400862068965517,RGB_mo075_2020_n_05_05_0.png,0.27421061197916663
0.08400113132836806,0.043841952467647494,0.8682183159722222,0.04418766117833763,0.8485714285714285,RGB_mo075_2020_n_05_08_0.png,0.1317816840277778
0.1580579193878224,0.08581047202922427,0.9134453667534722,0.0875219170075979,0.8144119646498981,RGB_mo075_2020_n_05_10_0.png,0.08655463324652779
0.09397417503586801,0.04930372600677456,0.8800862630208334,0.04980447534216815,0.8306159420289855,RGB_mo075_2020_n_05_13_0.png,0.11991373697916663
0.24395329441201,0.13892187128947994,0.9016384548611112,0.1441596845736816,0.7926829268292683,RGB_mo075_2020_n_07_05_0.png,0.09836154513888884
0.13372305443916696,0.07165231010180109,0.9196031358506944,0.07238924050632911,0.8755980861244019,RGB_mo075_2020_n_08_03_0.png,0.08039686414930558
0.03892762284196547,0.019850171414060185,0.8429497612847222,0.01993030766615672,0.8315602836879432,RGB_mo075_2020_n_10_10_0.png,0.1570502387152778
0.11271373735023846,0.05972265023112481,0.8965386284722222,0.060396409872849666,0.8426086956521739,RGB_mo075_2020_n_14_07_0.png,0.10346137152777779
0.12435280225270233,0.06629861010218413,0.7384982638888888,0.06720007853917141,0.8317132442284325,RGB_mo075_2020_n_16_02_0.png,0.26150173611111116
0.01734887503388452,0.008750341810226962,0.77874755859375,0.0088008800880088,0.6037735849056604,RGB_mo075_2020_n_17_03_0.png,0.22125244140625
0.03742168054244271,0.01906761130062101,0.9239434136284722,0.019163150492264417,0.7927272727272727,RGB_mo097_2018_n_01_01_0.png,0.07605658637152779
0.050930064888248014,0.026130445075757576,0.7768215603298612,0.026223568543597055,0.8803589232303091,RGB_mo097_2018_n_01_13_0.png,0.22317843967013884
0.14261116175427935,0.07678045588395681,0.9425930447048612,0.0773966578715919,0.9060489060489061,RGB_mo097_2018_n_02_03_0.png,0.05740695529513884
0.015081723625557207,0.007598158475876782,0.8201904296875,0.007633874849578821,0.6189024390243902,RGB_mo097_2018_n_02_12_0.png,0.1798095703125
0.027394351242301974,0.01388739369146302,0.8136393229166666,0.013940922190201729,0.7834008097165992,RGB_mo097_2018_n_03_02_0.png,0.18636067708333337
0.14835131096874551,0.08011849755709327,0.7178209092881944,0.08205778462095825,0.7722139356488387,RGB_mo097_2018_n_03_16_0.png,0.2821790907118056
0.18960437237129169,0.1047309049346519,0.7556491427951388,0.10704490044697278,0.8289085545722714,RGB_mo097_2018_n_03_17_0.png,0.24435085720486116
0.10208934941396297,0.05379038754139443,0.9283040364583334,0.054144144144144146,0.8916913946587537,RGB_mo097_2018_n_04_02_0.png,0.07169596354166663
0.09872279050348244,0.051924458995448376,0.6779310438368056,0.05287875091485728,0.7420827389443652,RGB_mo097_2018_n_04_04_0.png,0.3220689561631944
0.029890363531448354,0.015171929002401734,0.885986328125,0.015231710185838626,0.7944785276073619,RGB_mo097_2018_n_04_05_0.png,0.114013671875
0.029042604237694773,0.014735277535749065,0.7392645941840278,0.014830289899927783,0.696969696969697,RGB_mo097_2018_n_04_08_0.png,0.2607354058159722
0.05827015660450446,0.030009404656730028,0.7691786024305556,0.030234294246008958,0.8013698630136986,RGB_mo097_2018_n_04_14_0.png,0.23082139756944442
0.10634893903671269,0.05616078971941838,0.8560519748263888,0.05661646046261431,0.8746537396121884,RGB_mo097_2018_n_04_15_0.png,0.14394802517361116
0.10270054543035785,0.054129855560229985,0.8627726236979166,0.054560874481718806,0.8726450640542577,RGB_mo097_2018_n_04_18_0.png,0.13722737630208337
0.021568012977676184,0.010901569080541166,0.6400485568576388,0.010946036973280443,0.7285180572851806,RGB_mo097_2018_n_05_14_0.png,0.35995144314236116
0.09999620363691583,0.05262947570332481,0.8392266167534722,0.05320782159017453,0.828823159219635,RGB_mo097_2018_n_06_08_0.png,0.1607733832465278
0.10413948523306844,0.05492992992992993,0.8975558810763888,0.05533148474918074,0.8832997987927566,RGB_mo097_2018_n_06_10_0.png,0.10244411892361116
0.032444903746785554,0.016489959446914546,0.7269761827256944,0.01657010997643362,0.7731958762886598,RGB_mo097_2018_n_06_15_0.png,0.2730238172743056
0.03962428464792237,0.02021259717594796,0.7905951605902778,0.020338441890166026,0.765625,RGB_mo097_2018_n_06_17_0.png,0.2094048394097222
0.04547991071428571,0.023269093504639543,0.8143988715277778,0.023342402978662465,0.8810810810810811,RGB_mo097_2018_n_06_18_0.png,0.1856011284722222
0.047038093961274015,0.02408551534765127,0.6625637478298612,0.02435155072578726,0.6879551820728291,RGB_mo097_2018_n_07_10_0.png,0.33743625217013884
0.02701959436232382,0.013694811304317524,0.8080512152777778,0.013739337155642567,0.808641975308642,RGB_mo097_2018_n_07_11_0.png,0.1919487847222222
0.057341864420507004,0.02951721837738681,0.8421359592013888,0.02964824120603015,0.8697788697788698,RGB_mo097_2018_n_07_17_0.png,0.15786404079861116
0.1504210404890991,0.08132717974304603,0.9001057942708334,0.08205386357915932,0.9017980636237898,RGB_mo097_2018_n_08_15_0.png,0.09989420572916663
0.16299473581594853,0.08872850774782425,0.9417724609375,0.08943089430894309,0.9186813186813186,RGB_mo097_2018_n_08_19_0.png,0.0582275390625
0.03459293656541559,0.017600901721073394,0.8463202582465278,0.017673689709211213,0.810379241516966,RGB_mo097_2018_n_09_01_0.png,0.1536797417534722
0.02914947947358083,0.014790304576622549,0.8324042426215278,0.014828137490007994,0.8528735632183908,RGB_mo097_2018_n_09_02_0.png,0.1675957573784722
0.09710080505753939,0.05102782392026578,0.8760240342881944,0.051573976915005246,0.8281381634372368,RGB_mo097_2018_n_09_07_0.png,0.12397596571180558
0.08794744603834294,0.045996353947552936,0.8615926106770834,0.04646769928220627,0.8193172356369692,RGB_mo097_2018_n_10_12_0.png,0.13840738932291663
0.06664949298611274,0.03447356945588449,0.7297159830729166,0.034700546234880995,0.8405197873597164,RGB_mo097_2018_n_11_04_0.png,0.27028401692708337
0.08567884743822154,0.04475677830940989,0.8700222439236112,0.04509843310566493,0.8552380952380952,RGB_mo097_2018_n_11_17_0.png,0.12997775607638884
0.05764702838365805,0.029678966298121754,0.7530042860243056,0.029991384880465217,0.7401993355481727,RGB_mo097_2018_n_12_14_0.png,0.24699571397569442
0.13305263157894737,0.07126747857465043,0.8882921006944444,0.07262698230291886,0.7919799498746867,RGB_mo097_2018_n_12_17_0.png,0.11170789930555558
0.05004773629465856,0.02566613410297377,0.8717922634548612,0.025781735348933528,0.8512820512820513,RGB_mo097_2018_n_13_04_0.png,0.12820773654513884
0.061604865607219936,0.03178137651821862,0.8378160264756944,0.03207747629944426,0.7749259624876604,RGB_mo097_2018_n_13_06_0.png,0.16218397352430558
0.034913209405392095,0.017766751866887184,0.7341783311631944,0.01781228017284695,0.87422934648582,RGB_mo097_2018_n_13_13_0.png,0.2658216688368056
0.21721875759293754,0.12184263129202254,0.8689100477430556,0.12442011504917425,0.8546845124282982,RGB_mo097_2018_n_13_14_0.png,0.13108995225694442
0.09887615567735149,0.05200931857891671,0.8896145290798612,0.052332395686826065,0.8938938938938938,RGB_mo097_2018_n_13_18_0.png,0.11038547092013884
0.026552006915046875,0.013454627133872417,0.7021416558159722,0.013529996385977593,0.7072018890200709,RGB_mo097_2018_n_14_10_0.png,0.2978583441840278
0.295519967565376,0.17337836873528223,0.7643229166666666,0.17863444760317615,0.8549143795449214,RGB_mo097_2018_n_14_16_0.png,0.23567708333333337
0.07428311333636778,0.03857426491443699,0.7931111653645834,0.03894120641384576,0.8036769533814839,RGB_mo103_2020_n_01_01_0.png,0.20688883463541663
0.176724615214262,0.09692700109316167,0.8991563585069444,0.09871350816427511,0.8426610348468849,RGB_mo103_2020_n_01_09_0.png,0.10084364149305558
0.0628099173553719,0.032423208191126277,0.79620361328125,0.03265663510182903,0.8193653376729048,RGB_mo103_2020_n_01_13_0.png,0.20379638671875
0.36969993476842794,0.22676803040912275,0.8951551649305556,0.23778057478498008,0.8304029304029305,RGB_mo103_2020_n_02_06_0.png,0.10484483506944442
0.2824685293214615,0.164461923489453,0.95245361328125,0.16570605187319884,0.9563409563409564,RGB_mo103_2020_n_03_03_0.png,0.04754638671875
0.21072536116783905,0.11777138992221846,0.9292331271701388,0.11914129319192611,0.9110529758011773,RGB_mo103_2020_n_03_04_0.png,0.07076687282986116
0.22830779370571758,0.12886425356199546,0.8411933051215278,0.13201219512195123,0.8438489646772229,RGB_mo103_2020_n_03_09_0.png,0.1588066948784722
0.11311409738155068,0.05994750250907126,0.8348456488715278,0.06070200125078174,0.8282666666666667,RGB_mo103_2020_n_04_09_0.png,0.1651543511284722
0.08542279093895902,0.044617052023121384,0.7847900390625,0.04514438893627391,0.7925133689839572,RGB_mo103_2020_n_05_01_0.png,0.2152099609375
0.15245386030502642,0.08251694343622523,0.8062879774305556,0.0837462511409571,0.8489755452742895,RGB_mo103_2020_n_05_08_0.png,0.19371202256944442
0.0929757343550447,0.048754353067238146,0.7591824001736112,0.05004949950500495,0.6532663316582915,RGB_mo103_2020_n_05_09_0.png,0.24081759982638884
0.08368466098202682,0.04366956694346114,0.8039618598090278,0.04391801969656641,0.8853118712273642,RGB_mo103_2020_n_06_01_0.png,0.1960381401909722
0.11414438089349203,0.060526574641791536,0.8056844075520834,0.061231259121666444,0.8402366863905325,RGB_mo103_2020_n_06_04_0.png,0.19431559244791663
0.20308538756135713,0.11301894155434815,0.7996148003472222,0.11580339566929133,0.8245729303547963,RGB_mo103_2020_n_06_05_0.png,0.2003851996527778
0.16571442231837633,0.09034276032842435,0.7633260091145834,0.09267379679144384,0.7822162040171519,RGB_mo103_2020_n_07_13_0.png,0.23667399088541663
0.34872749844816886,0.21118712878730922,0.9288465711805556,0.21788706174371703,0.8729024238657551,RGB_mo103_2020_n_08_06_0.png,0.07115342881944442
0.39369158878504673,0.24509090909090908,0.9507242838541666,0.2559678819444444,0.8522398843930635,RGB_mo103_2020_n_09_10_0.png,0.04927571614583337
0.05245825870934196,0.026935627410264017,0.7775472005208334,0.027120669056152926,0.7978910369068541,RGB_mo103_2020_n_10_04_0.png,0.22245279947916663
0.06606081789584062,0.03415868425808784,0.8550347222222222,0.03435738956553354,0.8552036199095022,RGB_mo103_2020_n_10_07_0.png,0.1449652777777778
0.28397407241841754,0.16548355584500163,0.9130995008680556,0.17168918918918918,0.8207364341085271,RGB_mo103_2020_n_10_09_0.png,0.08690049913194442
0.23039699782737508,0.13019699760031253,0.7886013454861112,0.1338343276732446,0.827304964539007,RGB_mo103_2020_n_14_06_0.png,0.21139865451388884
0.39703012707629337,0.24768408551068882,0.9140828450520834,0.26049213090182366,0.834366873374675,RGB_mo103_2020_n_14_08_0.png,0.08591715494791663
0.06415116346882836,0.03313851900945954,0.7823486328125,0.03353249603706865,0.738255033557047,RGB_mo103_2020_n_15_09_0.png,0.2176513671875
0.2962368672397326,0.17387209615212126,0.8750745985243056,0.17982374768089054,0.8400866738894908,RGB_mo119_2022_n_01_02_0.png,0.12492540147569442
0.13970043007563399,0.07509566326530612,0.8426378038194444,0.07742890021371034,0.7136363636363636,RGB_mo119_2022_n_01_06_0.png,0.15736219618055558
0.23408039843472073,0.13255439161966157,0.8977932400173612,0.1356940843742635,0.8513863216266174,RGB_mo119_2022_n_01_08_0.png,0.10220675998263884
0.18096092100315292,0.09948160162834335,0.8079766167534722,0.1028000525831471,0.7550084479845522,RGB_mo119_2022_n_01_09_0.png,0.1920233832465278
0.16611580364793732,0.09058140311060676,0.9076063368055556,0.0917139767504731,0.8800259403372244,RGB_mo119_2022_n_02_04_0.png,0.09239366319444442
0.3556090708408589,0.21625579692457897,0.8911200629340278,0.22373737373737373,0.8660801564027371,RGB_mo119_2022_n_03_10_0.png,0.10887993706597221
0.20064843143522534,0.1115115216729266,0.88128662109375,0.11376346313173157,0.8492462311557789,RGB_mo119_2022_n_04_12_0.png,0.11871337890625
0.02710204081632653,0.013737173121482952,0.7575276692708334,0.013798071594813255,0.756838905775076,RGB_mo119_2022_n_04_13_0.png,0.24247233072916663
0.17303944918373534,0.09471438729556766,0.8704901801215278,0.0968586387434555,0.8105476673427991,RGB_mo119_2022_n_05_03_0.png,0.1295098198784722
0.1976785805593905,0.10967998184294145,0.8935885959201388,0.11196709916589434,0.8430004361098997,RGB_mo119_2022_n_06_02_0.png,0.10641140407986116
0.21326259946949602,0.11935866983372921,0.8089124891493056,0.12322534847702633,0.7918308106987352,RGB_mo119_2022_n_06_06_0.png,0.19108751085069442
0.05851318944844125,0.030138339920948616,0.8402506510416666,0.030525437864887407,0.7038461538461539,RGB_mo119_2022_n_06_17_0.png,0.15974934895833337
0.3289969542099014,0.1968859093577188,0.8237033420138888,0.20834967961292009,0.7815795928378709,RGB_mo119_2022_n_07_13_0.png,0.17629665798611116
0.09039242219215156,0.04733560090702948,0.8176540798611112,0.04791965566714491,0.7952380952380952,RGB_mo119_2022_n_07_15_0.png,0.18234592013888884
0.17204516938519449,0.0941189391027401,0.88812255859375,0.09655250112663362,0.7887712839392544,RGB_mo119_2022_n_07_16_0.png,0.11187744140625
0.26229271288702627,0.15094182710299806,0.8615247938368056,0.15452068789375106,0.8669691903510867,RGB_mo119_2022_n_08_05_0.png,0.13847520616319442
0.16402794427679715,0.08934119872112398,0.86285400390625,0.0906101571063208,0.8644880174291939,RGB_mo119_2022_n_09_10_0.png,0.13714599609375
0.24549601437589275,0.13992331530017332,0.8889499240451388,0.143627345266336,0.8443740095087163,RGB_mo119_2022_n_09_12_0.png,0.11105007595486116
0.3115935698060458,0.1845489120591964,0.7862548828125,0.19182981927710843,0.8294186046511628,RGB_mo119_2022_n_09_13_0.png,0.2137451171875
0.30910626795066737,0.1828064425882259,0.8613349066840278,0.18807565789473685,0.8671090047393365,RGB_mo119_2022_n_10_12_0.png,0.1386650933159722
0.07938416113044396,0.041332659829134914,0.7039727105034722,0.04201267970354496,0.7185948835433371,RGB_mo119_2022_n_11_02_0.png,0.2960272894965278
0.11625036732295034,0.06171221764632472,0.7960476345486112,0.06295353278166772,0.7578544061302682,RGB_mo119_2022_n_11_04_0.png,0.20395236545138884
0.09703470618324989,0.05099131681410162,0.6049465603298612,0.05232713655209308,0.6663827975303385,RGB_mo119_2022_n_11_06_0.png,0.39505343967013884
0.1761014263074485,0.0965522035312109,0.8237169053819444,0.09982751185855972,0.7463729177861365,RGB_mo119_2022_n_11_08_0.png,0.17628309461805558
0.07549130588082469,0.039226274275355334,0.6621432834201388,0.039838608586649955,0.7184740374425997,RGB_mo119_2022_n_11_10_0.png,0.33785671657986116
0.20134510298444724,0.11194204253330217,0.9226888020833334,0.11368670886075949,0.879436964504284,RGB_mo119_2022_n_11_12_0.png,0.07731119791666663
0.19112664125370607,0.10566059825557572,0.8963894314236112,0.10751727424350727,0.8595238095238096,RGB_mo119_2022_n_11_15_0.png,0.10361056857638884
0.10137661690164253,0.05339480057187874,0.7799818250868056,0.05436074144486692,0.7503075030750308,RGB_mo119_2022_n_12_02_0.png,0.22001817491319442
0.2965172433384467,0.17406530367208084,0.8320583767361112,0.17986628067273228,0.8436792757840285,RGB_mo119_2022_n_12_10_0.png,0.16794162326388884
0.13361305972595555,0.07158915273289307,0.8207600911458334,0.0729107040641099,0.79796397807361,RGB_mo119_2022_n_13_04_0.png,0.17923990885416663
0.07388304641972,0.038358546339767,0.8124728732638888,0.038887321957410806,0.7382864792503346,RGB_mo119_2022_n_14_03_0.png,0.18752712673611116
0.15130628126737075,0.08184496963136689,0.8964572482638888,0.08315004887585532,0.8390875462392109,RGB_mo119_2022_n_14_06_0.png,0.10354275173611116
0.12845248138502732,0.0686343681404829,0.8388604058159722,0.06966104392106938,0.8232251998119418,RGB_mo167_2022_n_02_01_0.png,0.1611395941840278
0.3799679201568348,0.23454345434543455,0.8820326063368056,0.24320131410841395,0.8682195797361134,RGB_mo167_2022_n_03_11_0.png,0.11796739366319442
0.1895420974889217,0.10469290516284838,0.9069756401909722,0.10602855631940772,0.89259877573734,RGB_mo167_2022_n_06_07_0.png,0.09302435980902779
0.19278492647058823,0.1066751430387794,0.9047037760416666,0.10811855670103093,0.888771186440678,RGB_mo167_2022_n_07_01_0.png,0.09529622395833337
0.16769629334396174,0.09152210560661266,0.8867051866319444,0.09343770819453698,0.816990291262136,RGB_mo167_2022_n_07_05_0.png,0.11329481336805558
0.18145583516297922,0.09978082395334151,0.8356594509548612,0.10219144726830011,0.8087925323697681,RGB_mo167_2022_n_08_05_0.png,0.16434054904513884
0.29667176740627393,0.17417181358787198,0.8503824869791666,0.1798469387755102,0.8466157205240175,RGB_mo167_2022_n_08_12_0.png,0.14961751302083337
0.46934865900383144,0.30663329161451813,0.8985595703125,0.332947453191061,0.7950721153846154,RGB_mo167_2022_n_08_13_0.png,0.1014404296875
0.16353390567678983,0.08904814860579101,0.8500094943576388,0.09312543073742247,0.6703875968992248,RGB_mo167_2022_n_08_17_0.png,0.14999050564236116
0.2858726785549293,0.16677447175506685,0.8427530924479166,0.1723997028231798,0.8363669129572896,RGB_mo167_2022_n_09_14_0.png,0.15724690755208337
0.324028176363162,0.19333748443337484,0.9121432834201388,0.2004260263361735,0.8453580179689627,RGB_mo167_2022_n_10_14_0.png,0.08785671657986116
0.25894454382826476,0.14872848702799898,0.9101019965277778,0.15236842105263157,0.8616071428571429,RGB_mo167_2022_n_10_15_0.png,0.08989800347222221
0.3244414698664627,0.19363183322554875,0.8562486436631944,0.20042526382107417,0.8510282561444574,RGB_mo167_2022_n_11_10_0.png,0.14375135633680558
0.27171447631754503,0.15721619639479678,0.8519287109375,0.1616013331217267,0.8528056951423786,RGB_mo167_2022_n_11_14_0.png,0.1480712890625
0.08817478201234447,0.04612073383212053,0.8106486002604166,0.046468401486988845,0.8604206500956023,RGB_mo167_2022_n_12_05_0.png,0.18935139973958337
0.4351312649164678,0.2780624694973158,0.8796183268229166,0.29088665759019744,0.8631485923494508,RGB_mo167_2022_n_12_15_0.png,0.12038167317708337
0.23195990597418725,0.1311960666265302,0.8825615776909722,0.13413007796471071,0.8570960340871845,RGB_mo167_2022_n_13_14_0.png,0.11743842230902779
0.2254707631318137,0.1270594805920134,0.8940022786458334,0.13062700964630225,0.823082489146165,RGB_mo167_2022_n_16_07_0.png,0.10599772135416663
0.344679186228482,0.2082250059087686,0.9091254340277778,0.21388686574411264,0.8872104733131924,RGB_mo167_2022_n_16_14_0.png,0.09087456597222221
0.27043668476059307,0.15636125163949785,0.9389309353298612,0.15986590038314177,0.8770362585391487,RGB_mo167_2022_n_16_15_0.png,0.06106906467013884
0.1442580516700682,0.07773605150214592,0.8834160698784722,0.07893876661582044,0.8361223312175419,RGB_mo167_2022_n_19_04_0.png,0.11658393012152779
0.09404926390013817,0.049345065493450656,0.8710462782118056,0.04969788519637462,0.8742249778565102,RGB_mo167_2022_n_19_09_0.png,0.12895372178819442
0.294408634387648,0.17261381613640359,0.872314453125,0.18031582813073815,0.8016326530612244,RGB_mo167_2022_n_19_13_0.png,0.127685546875
0.10376839499381103,0.05472348141432457,0.8232286241319444,0.05535583272193691,0.8273026315789473,RGB_mo167_2022_n_19_15_0.png,0.17677137586805558
0.19482741270001006,0.10792730516222544,0.8914794921875,0.11007505117125313,0.8468941382327209,RGB_mo169_2020_n_01_12_0.png,0.1085205078125
0.12019721183270997,0.06394139459166139,0.9298095703125,0.064507299270073,0.8793532338308457,RGB_mo169_2020_n_02_10_0.png,0.0701904296875
0.1725848188614146,0.0944420406718326,0.8438720703125,0.096658615136876,0.8046246648793566,RGB_mo169_2020_n_02_13_0.png,0.1561279296875
0.15013669161475374,0.08116096520980715,0.87139892578125,0.08235004916420846,0.8489609731373543,RGB_mo169_2020_n_03_09_0.png,0.12860107421875
0.05405812945301014,0.027779930259589306,0.8298272026909722,0.0279466791393826,0.8231917336394948,RGB_mo169_2020_n_05_10_0.png,0.1701727973090278
0.12142038946162657,0.06463414634146342,0.8907674153645834,0.06539365452408931,0.8476770753998477,RGB_mo169_2020_n_07_04_0.png,0.10923258463541663
0.0701094769434922,0.03632821453128581,0.9429728190104166,0.03652073732718894,0.8732782369146006,RGB_mo169_2020_n_07_07_0.png,0.05702718098958337
0.07340961098398169,0.038103382744203725,0.8626980251736112,0.038351185921958686,0.8550106609808102,RGB_mo169_2020_n_08_05_0.png,0.13730197482638884
0.09132739821946584,0.04784864524920077,0.8767903645833334,0.04837855023314964,0.8137254901960784,RGB_mo169_2020_n_08_06_0.png,0.12320963541666663
0.14271314573708527,0.0768395821084528,0.861572265625,0.07786434463794684,0.8537688442211055,RGB_mo169_2020_n_09_03_0.png,0.138427734375
0.25010427330982443,0.14292524377031418,0.8658786349826388,0.1476275738585497,0.8177535333498637,RGB_mo169_2020_n_10_02_0.png,0.13412136501736116
0.1328725350681033,0.0711641479029659,0.8553670247395834,0.07210944395410415,0.8444444444444444,RGB_mo169_2020_n_10_05_0.png,0.14463297526041663
0.174687785561986,0.09570296203587818,0.8530002170138888,0.0970553393129125,0.8729071537290716,RGB_mo169_2020_n_10_12_0.png,0.14699978298611116
0.08597837460760377,0.04492027334851936,0.9289143880208334,0.04512998901501281,0.90625,RGB_mo169_2020_n_11_09_0.png,0.07108561197916663
0.1270389825822505,0.06782788397667724,0.9143473307291666,0.06874625972471574,0.8354545454545454,RGB_mo169_2020_n_13_02_0.png,0.08565266927083337
0.17992785911309145,0.09885754255071112,0.9213663736979166,0.10076045627376426,0.8396039603960396,RGB_mo169_2020_n_13_05_0.png,0.07863362630208337
0.10424888524422121,0.05499080782956635,0.8814765082465278,0.05554948656325104,0.8453865336658354,RGB_mo169_2020_n_14_04_0.png,0.11852349175347221
0.15584872471416006,0.08450972911102633,0.8698187934027778,0.08588600232648314,0.8406072106261859,RGB_mo169_2020_n_14_10_0.png,0.1301812065972222
0.35159098069220035,0.2132911046797357,0.9022962782118056,0.22557172557172558,0.7966551091168672,RGB_mo169_2020_n_15_03_0.png,0.09770372178819442
0.07935877053524112,0.041318893564185694,0.9057481553819444,0.04174797881237803,0.8008021390374331,RGB_mo169_2020_n_15_11_0.png,0.09425184461805558
0.13683223992502344,0.07344064386317907,0.9000651041666666,0.07407407407407407,0.8957055214723927,RGB_mo169_2020_n_16_14_0.png,0.09993489583333337
0.12098258902740519,0.06438609260399754,0.8866712782118056,0.06528156221616713,0.8243727598566308,RGB_mo169_2020_n_17_09_0.png,0.11332872178819442
0.2477173071962858,0.1413683466792275,0.9011027018229166,0.14477809937288952,0.8571938593359515,RGB_mo169_2020_n_17_10_0.png,0.09889729817708337
0.18290520342503927,0.10065804149007361,0.8906317816840278,0.10258013184814731,0.8430639887902849,RGB_mo169_2020_n_17_12_0.png,0.10936821831597221
0.15844827586206897,0.08604063289954124,0.8675944010416666,0.087808140645901,0.810405643738977,RGB_mo169_2020_n_18_06_0.png,0.13240559895833337
0.09529909055975407,0.05003362474781439,0.9042019314236112,0.050488599348534204,0.8473804100227791,RGB_mo169_2020_n_18_13_0.png,0.09579806857638884
0.2618360767011709,0.1506394610953822,0.8819986979166666,0.15554435483870968,0.8269024651661308,RGB_mo169_2020_n_19_09_0.png,0.11800130208333337
0.13583983238272612,0.07286918513893226,0.7986111111111112,0.07331323030531474,0.9232594936708861,RGB_mo199_2022_n_01_04_0.png,0.20138888888888884
0.10987068259944345,0.05812865902241313,0.81561279296875,0.05881115939997196,0.8335817188276204,RGB_mo199_2022_n_01_09_0.png,0.18438720703125
0.10784091766659121,0.05699357875004985,0.8396538628472222,0.05765816655907037,0.8317811408614668,RGB_mo199_2022_n_02_10_0.png,0.1603461371527778
0.43023482729460744,0.27407591579645285,0.9405992296006944,0.2824564400409976,0.9023192360163711,RGB_mo199_2022_n_03_03_0.png,0.05940077039930558
0.30360344209394047,0.17896961690885071,0.8946261935763888,0.1858130348913759,0.829333986287953,RGB_mo199_2022_n_03_08_0.png,0.10537380642361116
0.2513142523364486,0.1437160751565762,0.9304606119791666,0.14569928885878766,0.9134819532908705,RGB_mo199_2022_n_04_04_0.png,0.06953938802083337
0.13609759102951144,0.0730175519783162,0.809814453125,0.07461829482502365,0.7729181245626312,RGB_mo199_2022_n_04_09_0.png,0.190185546875
0.1134271404722156,0.06012338187702265,0.7478976779513888,0.061212932454695224,0.7715768981181051,RGB_mo199_2022_n_06_04_0.png,0.25210232204861116
0.22214010018888067,0.12494803455124948,0.8715277777777778,0.1276907099697885,0.8533123028391167,RGB_mo199_2022_n_06_09_0.png,0.1284722222222222
0.44226526109340525,0.2839156436890148,0.9537150065104166,0.2919723780750971,0.9114179858538228,RGB_mo199_2022_n_06_12_0.png,0.04628499348958337
0.26686455968802747,0.15397790240789871,0.8291558159722222,0.1594671675013912,0.8172905525846702,RGB_mo199_2022_n_07_07_0.png,0.1708441840277778
0.22735997208166114,0.12826065557633626,0.8798828125,0.13416392092257,0.7445714285714286,RGB_mo199_2022_n_07_08_0.png,0.1201171875
0.11583744777819978,0.06147954041523886,0.810546875,0.06200867443751694,0.8781190019193857,RGB_mo199_2022_n_07_11_0.png,0.189453125
0.5193904464198495,0.35079501220558157,0.9332682291666666,0.3656808803301238,0.8960229187731715,RGB_mo199_2022_n_08_03_0.png,0.06673177083333337
0.1681497960697071,0.09179232871166886,0.8174235026041666,0.09301928073294134,0.8743573264781491,RGB_mo199_2022_n_08_08_0.png,0.18257649739583337
0.4552537202687662,0.2947109996264076,0.9103800455729166,0.3082161196695691,0.8705659782437333,RGB_mo199_2022_n_08_12_0.png,0.08961995442708337
0.5247502047502047,0.3557026114762835,0.9016181098090278,0.37495318352059925,0.8738679759956356,RGB_mo199_2022_n_08_13_0.png,0.09838189019097221
0.17882222836604922,0.09819042992470245,0.8992852105034722,0.10003711952487009,0.8417490890161374,RGB_mo199_2022_n_09_01_0.png,0.10071478949652779
0.22826607114372308,0.12883766993787701,0.9343804253472222,0.1311881188118812,0.8779141104294479,RGB_mo199_2022_n_09_10_0.png,0.06561957465277779
0.2852167856520982,0.16632818846466288,0.9443223741319444,0.16879637262984337,0.9191919191919192,RGB_mo199_2022_n_10_01_0.png,0.05567762586805558
0.12867926440042554,0.06876387460068223,0.88336181640625,0.06939890710382514,0.8825573314801946,RGB_mo199_2022_n_10_02_0.png,0.11663818359375
0.19639347064353474,0.10888931008339651,0.8086954752604166,0.11148124191461838,0.8240497250776955,RGB_mo199_2022_n_10_10_0.png,0.19130452473958337
0.4341868916830277,0.2772916444349589,0.90814208984375,0.2875719344842851,0.8858019430714164,RGB_mo199_2022_n_12_08_0.png,0.09185791015625
0.17011995637949837,0.09296781883194279,0.7987263997395834,0.09542032622333751,0.7834148853978883,RGB_mo199_2022_n_12_11_0.png,0.20127360026041663
0.13262361012538443,0.07102135961689512,0.7513563368055556,0.07302521884118382,0.7213072568193515,RGB_mo199_2022_n_13_13_0.png,0.24864366319444442
0.08458053995289001,0.044157711518086874,0.8286878797743056,0.04446053032612009,0.8663697104677061,RGB_mo199_2022_n_14_08_0.png,0.17131212022569442
0.1496240073090168,0.08086140757339816,0.8358832465277778,0.08308616921635967,0.7512350035285815,RGB_nm003_2022_n_23_21_0.png,0.1641167534722222
0.41508928092659125,0.2619007341746456,0.85205078125,0.2958193213084684,0.695507637017071,RGB_nm006_2018_n_08_32_0.png,0.14794921875
0.09322883206989593,0.04889356082046306,0.7606947157118056,0.0494493512157889,0.8130883012102196,RGB_nm006_2022_n_06_19_0.png,0.23930528428819442
0.17977852116737802,0.09876738806679553,0.8071153428819444,0.1018095113666057,0.7677339901477832,RGB_nm006_2022_n_09_43_0.png,0.19288465711805558
0.17752832345909988,0.0974107448385993,0.8926730685763888,0.10002342468962286,0.788550323176362,RGB_nm007_2022_n_03_13_0.png,0.10732693142361116
0.11003496767376922,0.05822063677989565,0.7600843641493056,0.05914647338814366,0.7881081081081082,RGB_nm023_2022_n_40_05_0.png,0.23991563585069442
0.38755183348239697,0.2403499483145501,0.7956678602430556,0.25882384882710685,0.7710287932707861,RGB_nm028_2022_n_01_01_0.png,0.20433213975694442
0.42074560204174644,0.26642040863442223,0.9138047960069444,0.2815320809953647,0.8323115759105661,RGB_nm039_2020_n_03_17_0.png,0.08619520399305558
0.08160014160545181,0.042535523159254476,0.8592529296875,0.04297967555472683,0.8045375218150087,RGB_nm039_2020_n_07_32_0.png,0.1407470703125
0.08607012533714105,0.04497036515107556,0.8437364366319444,0.04549647769204965,0.7954545454545454,RGB_nm039_2020_n_18_45_0.png,0.15626356336805558
0.051143257116192255,0.026242697059668613,0.9310506184895834,0.026417277284998073,0.7988338192419825,RGB_nm039_2020_n_37_23_0.png,0.06894938151041663
0.023587141383444393,0.011934318925629161,0.7624986436631944,0.011970794657007018,0.7966101694915254,RGB_nm039_2020_n_38_64_0.png,0.23750135633680558
0.37584263200276086,0.23140776836558347,0.8160196940104166,0.2467077443518183,0.7886453606256638,RGB_nm039_2022_n_37_39_0.png,0.18398030598958337
0.1015709910087936,0.0535026543145623,0.6300048828125,0.054988945153698024,0.6643688065489013,RGB_nm039_2022_n_39_40_0.png,0.3699951171875
0.09300112466476339,0.0487683164723495,0.7156032986111112,0.04944347346150308,0.78125,RGB_nm043_2018_n_08_27_0.png,0.28439670138888884
0.25806811214536535,0.14815051836682452,0.72918701171875,0.1586775726558216,0.6907011437095972,RGB_nm043_2018_n_09_41_0.png,0.27081298828125
0.32871576539365827,0.19668453670963082,0.8567165798611112,0.20758426966292134,0.7892889838266708,RGB_nm043_2018_n_10_35_0.png,0.14328342013888884
0.46968002400501924,0.3069162210338681,0.8681572808159722,0.32708966565349545,0.832672405455073,RGB_nm043_2018_n_11_35_0.png,0.1318427191840278
0.06284712940687279,0.03244304069179112,0.7860175238715278,0.03276759167492567,0.7661115133960897,RGB_nm043_2018_n_14_27_0.png,0.2139824761284722
0.0730795636585552,0.037925574030087096,0.8351915147569444,0.038362966522505204,0.7688603531300161,RGB_nm043_2018_n_21_25_0.png,0.16480848524305558
0.16554613660722986,0.09024273649545865,0.8838433159722222,0.0912067854842173,0.8951527924130663,RGB_nm043_2022_n_27_35_0.png,0.11615668402777779
0.14669544660293968,0.07915344854360316,0.7184990776909722,0.08137943618283003,0.7431785044782337,RGB_nm051_2022_n_20_06_0.png,0.2815009223090278
0.03753910323253389,0.019128586609989374,0.8059556749131944,0.01920958413660149,0.8193832599118943,RGB_or005_2020_n_14_30_0.png,0.19404432508680558
0.3153475628618145,0.18718850007869473,0.8949313693576388,0.1953569864213754,0.8174112256586483,RGB_or013_2020_n_08_16_0.png,0.10506863064236116
0.11649457241196717,0.06184987348889514,0.9773695203993056,0.06257110352673492,0.842911877394636,RGB_or019_2020_n_29_52_0.png,0.02263047960069442
0.10654390003288391,0.0562695380340396,0.9262966579861112,0.05682216766047001,0.8526315789473684,RGB_or023_2020_n_03_37_0.png,0.07370334201388884
0.29616933756105923,0.17382557086812192,0.9443020290798612,0.17851239669421487,0.8687782805429864,RGB_or029_2020_n_26_26_0.png,0.05569797092013884
0.2013680818587823,0.11195624842846366,0.9041951497395834,0.11440133607399794,0.8396982555398397,RGB_or029_2020_n_28_23_0.png,0.09580485026041663
0.19410438144329897,0.10748372134510749,0.9321424696180556,0.10879378837125316,0.8992537313432836,RGB_or033_2020_n_07_08_0.png,0.06785753038194442
0.32352201257861635,0.19297719087635054,0.9088202582465278,0.20725889633831873,0.7368782947513179,RGB_or039_2020_n_02_51_0.png,0.09117974175347221
0.03792851932895697,0.019330855018587362,0.8479342990451388,0.019413211524947294,0.8200371057513914,RGB_or043_2020_n_05_26_0.png,0.15206570095486116
0.228848534874123,0.129208901316556,0.9493136935763888,0.13158519221642145,0.877373417721519,RGB_or047_2020_n_17_32_0.png,0.05068630642361116
0.41842382106755704,0.26456128173983456,0.9137708875868056,0.28061349693251536,0.8222182275750495,RGB_or047_2020_n_19_40_0.png,0.08622911241319442
0.28596452813663237,0.16683699540112418,0.93365478515625,0.17208362614195363,0.8454898575744497,RGB_tx071_2022_n_01_09_0.png,0.06634521484375
0.5913616053931176,0.419810795770729,0.9292941623263888,0.4476619985758367,0.870930501039021,RGB_tx071_2022_n_02_07_0.png,0.07070583767361116
0.25429510248787357,0.1456690090348487,0.8383992513020834,0.1514236732259988,0.7930899863361311,RGB_tx071_2022_n_03_14_0.png,0.16160074869791663
0.12945350241545894,0.0692062467212784,0.8435736762152778,0.07041386106092955,0.8014018691588785,RGB_tx071_2022_n_03_16_0.png,0.1564263237847222
0.174402467232074,0.0955317172058451,0.9273817274305556,0.09683219178082192,0.8767441860465116,RGB_tx071_2022_n_04_11_0.png,0.07261827256944442
0.5308529142958224,0.36133408251725796,0.8920830620659722,0.3846120984278879,0.8565312529730759,RGB_tx071_2022_n_04_13_0.png,0.10791693793402779
0.23262978227384373,0.1316248174494747,0.8749932183159722,0.13531576908175125,0.8283427216128076,RGB_tx071_2022_n_05_04_0.png,0.1250067816840278
0.07852604828462516,0.04086761010448353,0.8032769097222222,0.04129359882400107,0.7984496124031008,RGB_tx071_2022_n_05_21_0.png,0.1967230902777778
0.3023191042947064,0.17807769708635926,0.74517822265625,0.18653194024379066,0.7971213159698424,RGB_tx071_2022_n_09_02_0.png,0.25482177734375
0.6740435817062578,0.5083452007974936,0.94146728515625,0.5594282848545636,0.8477248978816377,RGB_tx071_2022_n_09_11_0.png,0.05853271484375
0.36076488348687774,0.2200812316992538,0.8880072699652778,0.23147228293264455,0.8172571027709575,RGB_tx071_2022_n_09_13_0.png,0.11199273003472221
0.26747150960087424,0.15438217096173484,0.9045342339409722,0.15868115584094838,0.8507116848725588,RGB_tx071_2022_n_09_16_0.png,0.09546576605902779
0.5907576416050992,0.4192023026315789,0.9616834852430556,0.4403887688984881,0.8970523537175539,RGB_tx071_2022_n_10_13_0.png,0.03831651475694442
0.235240552435878,0.13329893360853112,0.9316541883680556,0.13721671388101983,0.8235919234856536,RGB_tx071_2022_n_10_14_0.png,0.06834581163194442
0.24660638413770564,0.14064519335918083,0.7655097113715278,0.14306299929214278,0.8927275595519798,RGB_tx087_2022_n_08_18_0.png,0.2344902886284722
0.4186432244153259,0.2647367316970841,0.7385321723090278,0.29240037071362374,0.7367192060712201,RGB_tx087_2022_n_14_15_0.png,0.2614678276909722
0.4078821305574976,0.2561884006115213,0.8449232313368056,0.2656502968159741,0.8779400289822762,RGB_tx087_2022_n_18_11_0.png,0.15507676866319442
0.0762544051015271,0.039638507973062564,0.8133477105034722,0.04011299435028248,0.7701694915254237,RGB_tx097_2020_n_05_06_0.png,0.1866522894965278
0.059892286091493954,0.03087059840138259,0.6957668728298612,0.03113018473335657,0.78732782369146,RGB_tx097_2020_n_10_08_0.png,0.30423312717013884
0.04642460757888061,0.02376391909878908,0.7960679796006944,0.023852971845672574,0.8642266824085005,RGB_tx097_2020_n_19_04_0.png,0.20393202039930558
0.16919015687107444,0.09241274155590175,0.8143107096354166,0.09519257033597378,0.7598800763150723,RGB_tx097_2020_n_20_04_0.png,0.18568929036458337
0.07849285493985812,0.040849629490917846,0.7568495008680556,0.041449511400651465,0.738394584139265,RGB_tx159_2022_n_02_05_0.png,0.24315049913194442
0.29411510355861115,0.1724120450167292,0.8892890082465278,0.17702477618155318,0.8687100893997446,RGB_tx159_2022_n_04_03_0.png,0.11071099175347221
0.15068394528437726,0.08148090473780512,0.8399929470486112,0.08249251142992275,0.8691860465116279,RGB_tx159_2022_n_09_01_0.png,0.16000705295138884
0.2649217106800654,0.15268573891492915,0.8933444552951388,0.15660919540229884,0.8590481964231585,RGB_tx159_2022_n_09_06_0.png,0.10665554470486116
0.5298246917248551,0.3603819821640603,0.8283013237847222,0.3759884027411703,0.896718632134775,RGB_tx159_2022_n_13_06_0.png,0.1716986762152778
0.2541982716328918,0.14560546452812242,0.8659735785590278,0.1492643148377947,0.8559085133418043,RGB_tx159_2022_n_13_07_0.png,0.1340264214409722
0.1383677669595504,0.07432604813334467,0.8523627387152778,0.07547495682210709,0.8300094966761633,RGB_tx159_2022_n_15_02_0.png,0.1476372612847222
0.05078084953695793,0.026051893408134644,0.8116251627604166,0.026313925485196205,0.7234664070107109,RGB_tx159_2022_n_16_07_0.png,0.18837483723958337
0.12342554782308622,0.06577172980262351,0.8966403537326388,0.0663656605640772,0.8802296964725185,RGB_tx159_2022_n_16_08_0.png,0.10335964626736116
0.0478296182654995,0.024500739644970414,0.7137858072916666,0.024815057589661953,0.6592039800995025,RGB_tx159_2022_n_18_04_0.png,0.28621419270833337
0.05462124478942073,0.028077434609132555,0.8661905924479166,0.028251387787470262,0.8201438848920863,RGB_tx159_2022_n_19_02_0.png,0.13380940755208337
0.07127618839231989,0.0369551036614765,0.7697211371527778,0.037330964932385975,0.7858866103739445,RGB_tx159_2022_n_19_04_0.png,0.2302788628472222
0.24632460325187422,0.1404619142793693,0.8950059678819444,0.14457142857142857,0.831689677843524,RGB_wa003_2019_n_18_02_0.png,0.10499403211805558
0.43032575924700345,0.27414972360161155,0.8949245876736112,0.2891875864795414,0.8405630565929331,RGB_wa007_2021_n_37_07_0.png,0.10507541232638884
0.2570331859482047,0.14746877787689563,0.7926025390625,0.15225650472023947,0.824244312870053,RGB_wa007_2023_n_05_11_0.png,0.2073974609375
0.3667866786678668,0.22457977404243593,0.8664143880208334,0.2439285103471866,0.7389896373056994,RGB_wa007_2023_n_41_09_0.png,0.13358561197916663
0.5309840331996906,0.36145559013646156,0.9095594618055556,0.3923596673596674,0.8210789645420926,RGB_wa007_2023_n_49_21_0.png,0.09044053819444442
0.2089784284511239,0.11668113425925926,0.8343777126736112,0.12089641732873632,0.769928400954654,RGB_wa009_2021_n_07_04_0.png,0.16562228732638884
0.35712606753897985,0.2173788630293781,0.9443562825520834,0.2279,0.8248280854144047,RGB_wa009_2021_n_21_23_0.png,0.05564371744791663
0.3158407402897845,0.18753614806246385,0.9618937174479166,0.19039929536112743,0.9257673090649536,RGB_wa009_2023_n_12_24_0.png,0.03810628255208337
0.4263576337420833,0.2709368042473026,0.97113037109375,0.2737024221453287,0.9640463132236441,RGB_wa009_2023_n_18_32_0.png,0.02886962890625
0.021710735340840896,0.010974499901854066,0.6241319444444444,0.011010455456889143,0.7706766917293233,RGB_wa011_2021_n_09_07_0.png,0.3758680555555556
0.16385656613630967,0.0892395240558717,0.9044867621527778,0.09040880503144653,0.8734177215189873,RGB_wa011_2023_n_09_14_0.png,0.09551323784722221
0.2025050196003442,0.11265957446808511,0.8868679470486112,0.11535947712418301,0.8279906176700548,RGB_wa013_2019_n_15_16_0.png,0.11313205295138884
0.3243194842406877,0.19354493961739874,0.9488254123263888,0.20598271155595996,0.7622053872053872,RGB_wa015_2019_n_11_20_0.png,0.05117458767361116
0.2513089005235602,0.1437125748502994,0.9602389865451388,0.14918132201334142,0.7967611336032389,RGB_wa015_2021_n_14_13_0.png,0.03976101345486116
0.24866322174792183,0.14198481116584566,0.8866034613715278,0.14547844374342797,0.8553323029366307,RGB_wa019_2023_n_08_11_0.png,0.11339653862847221
0.4519624101713654,0.2919582916726182,0.9327663845486112,0.30792407351611933,0.8491898628998754,RGB_wa019_2023_n_33_15_0.png,0.06723361545138884
0.15195210388734295,0.08222303340025552,0.8635932074652778,0.08392324888226528,0.8023152270703473,RGB_wa019_2023_n_38_13_0.png,0.1364067925347222
0.07003440406036039,0.03628790285573088,0.8148532443576388,0.03674578209894195,0.7443881245474294,RGB_wa019_2023_n_39_01_0.png,0.18514675564236116
0.08590604026845637,0.04488078541374474,0.90301513671875,0.045442250473356774,0.7841306884480747,RGB_wa023_2021_n_17_10_0.png,0.09698486328125
0.07387072622909907,0.038351904638507385,0.8993326822916666,0.038865546218487396,0.7437185929648241,RGB_wa027_2021_n_17_15_0.png,0.10066731770833337
0.10167098140738998,0.05355814530126457,0.8964572482638888,0.05416248746238716,0.8275862068965517,RGB_wa027_2021_n_20_20_0.png,0.10354275173611116
0.2589324461160133,0.14872050515121302,0.9305148654513888,0.15097840755735492,0.9086294416243654,RGB_wa027_2021_n_30_32_0.png,0.06948513454861116
0.14236199171527603,0.07663602439246382,0.9311998155381944,0.07730444362835108,0.8986125933831377,RGB_wa027_2023_n_05_07_0.png,0.06880018446180558
0.158316961362148,0.0859631967285981,0.9302707248263888,0.08835891812865497,0.7602201257861635,RGB_wa031_2021_n_13_03_0.png,0.06972927517361116
0.31009402164271777,0.18349779550703338,0.9208780924479166,0.19022054556006965,0.8385033578509754,RGB_wa031_2021_n_14_42_0.png,0.07912190755208337
0.25615982241953383,0.14689409368635437,0.93182373046875,0.15269936485532815,0.794401101422671,RGB_wa031_2021_n_22_25_0.png,0.06817626953125
0.3186856953202788,0.18954558016502823,0.8607855902777778,0.20017511674449634,0.7811584770582493,RGB_wa031_2023_n_14_08_0.png,0.1392144097222222
0.27199185382134977,0.15740195115563413,0.9127265082465278,0.16407316407316408,0.7947107438016529,RGB_wa031_2023_n_19_25_0.png,0.08727349175347221
0.10676760425504143,0.056394346776973456,0.9071790907118056,0.05789920724801812,0.6845188284518828,RGB_wa035_2023_n_07_12_0.png,0.09282090928819442
0.055038676790361105,0.028298082914849164,0.8202243381076388,0.02883609741520992,0.6026541764246682,RGB_wa037_2023_n_08_01_0.png,0.17977566189236116
0.059516115435411805,0.03067075996292864,0.7730238172743056,0.031114114467034906,0.6827852998065764,RGB_wa039_2019_n_14_03_0.png,0.22697618272569442
0.3760508809123474,0.2315656793013415,0.9421183268229166,0.24282477341389727,0.8331713637836087,RGB_wa041_2019_n_02_18_0.png,0.05788167317708337
0.1605032990639865,0.08725392058725392,0.9257948133680556,0.08804713804713804,0.9064124783362218,RGB_wa041_2019_n_10_33_0.png,0.07420518663194442
0.3175623400583229,0.18875132649451715,0.9222344292534722,0.20102471368294153,0.7555933163409799,RGB_wa041_2019_n_15_50_0.png,0.07776557074652779
0.06406478230786972,0.03309242051200593,0.7523125542534722,0.03345466224173001,0.753465943339361,RGB_wa041_2021_n_04_09_0.png,0.2476874457465278
0.15520341649808947,0.08413036856533658,0.8980441623263888,0.08564872240138924,0.8259569377990431,RGB_wa041_2021_n_04_17_0.png,0.10195583767361116
0.3789956206769533,0.2338029591476039,0.8971015082465278,0.24664393777967186,0.8178767002296414,RGB_wa041_2023_n_05_12_0.png,0.10289849175347221
0.16020384526291406,0.08707695406929895,0.8770684136284722,0.08890374331550802,0.8090781469349555,RGB_wa041_2023_n_13_34_0.png,0.12293158637152779
0.12146384235543864,0.06465877266250676,0.8708970811631944,0.06595829991980753,0.7664531158998252,RGB_wa047_2021_n_08_49_0.png,0.12910291883680558
0.23851389676687465,0.13540492674287555,0.8907470703125,0.14001109877913429,0.8045280612244898,RGB_wa047_2021_n_12_52_0.png,0.1092529296875
0.35329551729330855,0.2145470064626265,0.9126315646701388,0.22633136094674555,0.8047107249028127,RGB_wa049_2019_n_14_03_0.png,0.08736843532986116
0.06780239955595406,0.035090820700932515,0.8519354926215278,0.03537063435495367,0.816032887975334,RGB_wa049_2021_n_03_12_0.png,0.1480645073784722
0.3645655877342419,0.22291666666666668,0.9544677734375,0.2324963785610816,0.8439964943032428,RGB_wa051_2019_n_12_15_0.png,0.0455322265625
0.5754985754985755,0.404,0.9706963433159722,0.43124263839811544,0.8647770888692058,RGB_wa051_2019_n_17_14_0.png,0.02930365668402779
0.1278661990828163,0.06829971181556196,0.8684488932291666,0.07034032449544915,0.7018756169792695,RGB_wa051_2019_n_26_09_0.png,0.13155110677083337
0.2579250720461095,0.1480562448304384,0.8952229817708334,0.1523144996596324,0.8411654135338346,RGB_wa051_2019_n_29_10_0.png,0.10477701822916663
0.6643848640425937,0.4974373576309795,0.9521213107638888,0.5406994738471061,0.861439842209073,RGB_wa051_2019_n_32_05_0.png,0.04787868923611116
0.15139095426353777,0.08189452205305289,0.8413289388020834,0.08362718384356467,0.7980879541108986,RGB_wa051_2021_n_26_12_0.png,0.15867106119791663
0.23610342373685458,0.13385332616101847,0.9344821506076388,0.14192015209125475,0.7019275975552421,RGB_wa053_2021_n_01_10_0.png,0.06551784939236116
0.1814177012414898,0.09975776260735521,0.9168294270833334,0.10242689176967139,0.7928821470245041,RGB_wa053_2021_n_17_28_0.png,0.08317057291666663
0.15454352291238757,0.08374270801350936,0.9190470377604166,0.08470496894409937,0.880548829701372,RGB_wa053_2023_n_11_26_0.png,0.08095296223958337
0.38298081652729954,0.23684370627243415,0.9149305555555556,0.2569976234486401,0.751254341952914,RGB_wa057_2021_n_02_39_0.png,0.08506944444444442
0.17243002877321476,0.09434934447815882,0.8927205403645834,0.09685002350728726,0.7851357789423535,RGB_wa057_2021_n_03_45_0.png,0.10727945963541663
0.37577785212445636,0.2313586553514048,0.9367336697048612,0.24123711340206186,0.8496217851739788,RGB_wa057_2021_n_10_37_0.png,0.06326633029513884
0.0531217067767813,0.027285581724183643,0.7014227973090278,0.027586669049320944,0.7142857142857143,RGB_wa057_2021_n_12_38_0.png,0.2985772026909722
0.15907666941467435,0.0864113495503887,0.8270602756076388,0.08888561320754718,0.7563499529633114,RGB_wa057_2023_n_03_50_0.png,0.17293972439236116
0.1192247063786328,0.0633912550760223,0.7309638129340278,0.0651635763518105,0.6997654417513682,RGB_wa059_2019_n_08_07_0.png,0.2690361870659722
0.5216752387950037,0.352882703777336,0.9426066080729166,0.3738658457550227,0.8627780893624977,RGB_wa059_2019_n_11_01_0.png,0.05739339192708337
0.13027082619129243,0.06967363403006967,0.9139743381076388,0.07072662298987492,0.823937554206418,RGB_wa059_2019_n_25_05_0.png,0.08602566189236116
0.2391708743024183,0.13582855418050105,0.9417521158854166,0.13758662861801876,0.9140148950575491,RGB_wa059_2019_n_25_15_0.png,0.05824788411458337
0.10480279898218829,0.05529915247125954,0.8473036024305556,0.05616158172831089,0.7826603325415677,RGB_wa059_2023_n_01_16_0.png,0.15269639756944442
0.17436419125127162,0.0955087484676251,0.9449598524305556,0.0973421172194457,0.8352826510721247,RGB_wa061_2021_n_06_26_0.png,0.05504014756944442
0.46459856418362644,0.30259094028826355,0.9448716905381944,0.32157184536834427,0.836773428232503,RGB_wa063_2019_n_06_18_0.png,0.05512830946180558
0.16672045110994108,0.09094109581426374,0.6672837999131944,0.0944354652505195,0.710789283128168,RGB_wa063_2023_n_05_10_0.png,0.3327162000868056
0.4239733629300777,0.26901408450704223,0.9084879557291666,0.2849437686481524,0.827942647549183,RGB_wa065_2019_n_15_22_0.png,0.09151204427083337
0.39823755507640385,0.24862460493971672,0.9564683702256944,0.2562741312741313,0.89281210592686,RGB_wa065_2019_n_18_19_0.png,0.04353162977430558
0.2829514399831827,0.1647894221351616,0.9537353515625,0.1715961244263131,0.8059880239520958,RGB_wa065_2019_n_20_22_0.png,0.0462646484375
0.572169931315187,0.40072690992018245,0.9429728190104166,0.43360579888957435,0.8408852998355018,RGB_wa065_2019_n_26_18_0.png,0.05702718098958337
0.3544885508279851,0.21542758089368258,0.9447496202256944,0.2213098535813217,0.8901711102268205,RGB_wa065_2019_n_26_24_0.png,0.05525037977430558
0.5952362479633796,0.42372694134541034,0.9646199544270834,0.4359090909090909,0.938126681340181,RGB_wa065_2021_n_05_11_0.png,0.03538004557291663
0.09167375484358756,0.04803882725832013,0.9348212348090278,0.048558269923908694,0.8178752107925801,RGB_wa065_2021_n_17_19_0.png,0.06517876519097221
0.4506106597168992,0.2908311345646438,0.9270901150173612,0.31619334480780265,0.7838222222222222,RGB_wa065_2021_n_30_22_0.png,0.07290988498263884
0.21195402298850574,0.11853947030084855,0.9302571614583334,0.12247608926673752,0.7866894197952219,RGB_wa065_2023_n_30_16_0.png,0.06974283854166663
0.20951572694000956,0.11701623415096575,0.8989325629340278,0.12051501098364657,0.8012170385395537,RGB_wa065_2023_n_35_21_0.png,0.10106743706597221
0.3075130396182444,0.18169300373745984,0.9153645833333334,0.19736467236467237,0.6958814665996986,RGB_wa067_2021_n_17_27_0.png,0.08463541666666663
0.13100086033839978,0.07009145031608666,0.8972507052951388,0.07207775814188336,0.7177875549968573,RGB_wa073_2021_n_06_54_0.png,0.10274929470486116
0.24422901826361737,0.13910072600817522,0.9043036566840278,0.1445966514459665,0.7853944195659662,RGB_wa073_2021_n_08_57_0.png,0.09569634331597221
0.1823510773130545,0.10032249629565065,0.9299994574652778,0.1015349329569513,0.8936335403726708,RGB_wa073_2021_n_13_21_0.png,0.07000054253472221
0.12972732826123173,0.0693627887641784,0.8937242296006944,0.07085658820674594,0.7669074195666448,RGB_wa073_2021_n_14_40_0.png,0.10627577039930558
0.023345503162441508,0.011810613943808532,0.7423909505208334,0.011829077644606566,0.8832684824902723,RGB_wa077_2021_n_41_07_0.png,0.25760904947916663
